City_ID,City,Country,Lat,Lng,Max Temp,Humidity,Cloudiness,Wind Speed,Current Description
0,Iisalmi,FI,63.5592,27.1907,41,60,0,3.44,clear sky
1,Rikitea,PF,-23.1203,-134.9692,77.09,68,100,8.86,overcast clouds
2,Illapel,CL,-31.6308,-71.1653,76.06,45,14,8.5,few clouds
3,Banda Aceh,ID,5.5577,95.3222,79.74,78,63,5.19,broken clouds
4,Roma,US,43.2128,-75.4557,53.01,50,90,4.61,overcast clouds
5,Brae,GB,60.3964,-1.353,44.6,81,0,18.41,clear sky
6,Port Elizabeth,ZA,-33.918,25.5701,66.2,77,0,9.22,clear sky
7,Leningradskiy,RU,69.3833,178.4167,29.77,87,100,9.44,overcast clouds
8,Hobart,AU,-42.8794,147.3294,55.4,62,70,16.11,broken clouds
9,Chuy,UY,-33.6971,-53.4616,71.37,66,0,7.76,clear sky
10,Severo-Kurilsk,RU,50.6789,156.125,35.83,72,100,6.35,overcast clouds
11,Sergeyevka,KZ,53.88,67.4158,47.14,59,100,2.84,overcast clouds
12,Beringovskiy,RU,63.05,179.3167,32.92,97,100,15.41,light snow
13,Sao Filipe,CV,14.8961,-24.4956,72.1,73,0,14.27,clear sky
14,Arraial Do Cabo,BR,-22.9661,-42.0278,82.4,78,40,14.97,scattered clouds
15,Mackay,AU,-21.15,149.2,73.4,88,40,8.05,scattered clouds
16,Isangel,VU,-19.55,169.2667,77.58,85,97,12.37,overcast clouds
17,Kieta,PG,-6.2167,155.6333,78.49,82,94,2.62,overcast clouds
18,Saskylakh,RU,71.9167,114.0833,8.37,94,100,11.43,overcast clouds
19,Lima,PE,-12.0432,-77.0282,75.99,68,0,13.8,clear sky
20,Hilo,US,19.7297,-155.09,78.8,61,40,3.13,scattered clouds
21,Lagoa,PT,39.05,-27.9833,61.72,91,100,17.27,overcast clouds
22,Bredasdorp,ZA,-34.5322,20.0403,53.6,94,0,2.3,clear sky
23,Soke,ML,13.598,-5.9386,96.13,16,42,4.29,scattered clouds
24,Oistins,BB,13.0667,-59.5333,86,54,75,19.57,broken clouds
25,Bluff,NZ,-46.6,168.3333,51.01,93,100,5.01,overcast clouds
26,Yellowknife,CA,62.456,-114.3525,37,64,75,10,broken clouds
27,Lompoc,US,34.6391,-120.4579,60.01,72,0,18.41,clear sky
28,Kyren,RU,51.6828,102.1408,32.36,83,100,6.91,light snow
29,Nikolskoye,RU,59.7035,30.7861,50,29,0,11.18,clear sky
30,Atuona,PF,-9.8,-139.0333,80.55,74,34,17.85,scattered clouds
31,Ust-Karsk,RU,52.7011,118.8077,38.25,55,99,4.18,overcast clouds
32,Talnakh,RU,69.4865,88.3972,-22,96,77,2.95,broken clouds
33,Butaritari,KI,3.0707,172.7902,82.26,75,100,7.72,overcast clouds
34,Carnarvon,AU,-24.8667,113.6333,76.53,71,0,6.91,clear sky
35,Albany,US,42.6001,-73.9662,50,57,100,6.87,overcast clouds
36,Salalah,OM,17.0151,54.0924,82.4,78,0,1.14,clear sky
37,Saint-Ambroise,CA,48.5501,-71.3324,50,57,98,17.27,overcast clouds
38,Qaanaaq,GL,77.484,-69.3632,-1.46,92,100,1.54,overcast clouds
39,Qurayyat,SA,31.3318,37.3428,80.6,19,8,4.61,clear sky
40,Mar Del Plata,AR,-38.0023,-57.5575,68,88,0,10.36,clear sky
41,Rognan,NO,67.0953,15.3878,42.01,72,2,5.1,clear sky
42,Port Alfred,ZA,-33.5906,26.891,65.98,68,11,17.13,few clouds
43,Jamestown,US,42.097,-79.2353,46.99,70,90,6.91,overcast clouds
44,Gravdal,NO,68.1214,13.5031,40.48,81,20,12.86,few clouds
45,Lata,PT,40.1629,-8.3327,61,69,18,2.93,few clouds
46,Ribeira Grande,PT,38.5167,-28.7,64.4,94,20,13.8,few clouds
47,Bethel,US,41.3712,-73.414,51.8,50,90,10.36,overcast clouds
48,Saint-Augustin,CA,51.226,-58.6502,38.01,54,0,14.41,clear sky
49,Iskateley,RU,67.6803,53.1512,15.66,91,100,12.39,overcast clouds
50,Gornyak,RU,50.9942,81.4661,36.55,76,0,2.35,clear sky
51,Kapit,MY,2.0167,112.9333,72.45,99,100,0.81,overcast clouds
52,Muros,ES,42.7762,-9.0603,61,52,48,3,scattered clouds
53,Punta Arenas,CL,-53.15,-70.9167,55.4,50,75,9.22,broken clouds
54,Muli,MV,2.9167,73.5667,83.23,71,26,9.64,scattered clouds
55,Kattivakkam,IN,13.2167,80.3167,82.4,83,40,2.3,scattered clouds
56,Zhigansk,RU,66.7697,123.3711,13.26,95,100,8.81,overcast clouds
57,Hithadhoo,MV,-0.6,73.0833,82.6,62,7,5.86,clear sky
58,Saint-Philippe,RE,-21.3585,55.7679,75.2,94,75,6.91,"heavy intensity rain', 'mist"
59,Avarua,CK,-21.2078,-159.775,77,88,17,2.3,few clouds
60,Road Town,VG,18.4167,-64.6167,84.2,74,20,12.66,few clouds
61,Mataura,NZ,-46.1927,168.8643,51.01,93,100,5.01,overcast clouds
62,Longyearbyen,SJ,78.2186,15.6401,24.8,80,90,27.63,snow
63,Iqaluit,CA,63.7506,-68.5145,19.4,58,75,5.75,broken clouds
64,Busselton,AU,-33.65,115.3333,57.99,79,0,1.01,clear sky
65,Ushuaia,AR,-54.8,-68.3,60.8,44,40,12.66,scattered clouds
66,Mahebourg,MU,-20.4081,57.7,77,88,75,6.91,broken clouds
67,Bengkulu,ID,-3.8004,102.2655,75.15,88,100,3.38,overcast clouds
68,Vila Velha,BR,-20.3297,-40.2925,81,78,40,9.22,scattered clouds
69,Sitka,US,57.0531,-135.33,48.2,66,40,2.44,light rain
70,Port Hardy,CA,50.6996,-127.4199,53.6,66,1,3.44,clear sky
71,Pisco,PE,-13.7,-76.2167,75.2,64,0,21.85,clear sky
72,Manaure,CO,11.7751,-72.4445,89.37,53,95,14.74,overcast clouds
73,Narsaq,GL,60.9167,-46.05,28.4,26,1,5.75,clear sky
74,Cape Town,ZA,-33.9258,18.4232,66,72,0,4.61,clear sky
75,Tarnogskiy Gorodok,RU,60.4997,43.5761,39.27,71,6,3.62,clear sky
76,Kathmandu,NP,27.7167,85.3167,57.2,82,20,3.44,few clouds
77,Panipat,IN,29.3889,76.9681,71.2,45,0,6.13,clear sky
78,Dingle,PH,10.9995,122.6711,77.72,77,100,12.06,light rain
79,Gornopravdinsk,RU,60.05,69.9,24.55,86,100,7.81,overcast clouds
80,Stornoway,GB,58.2093,-6.3865,50,71,100,14.97,overcast clouds
81,Gayny,RU,60.3071,54.3241,39.25,78,27,10.4,scattered clouds
82,Khatanga,RU,71.9667,102.5,2.01,96,100,9.55,overcast clouds
83,Thompson,CA,55.7435,-97.8558,33.8,64,90,11.5,overcast clouds
84,Berbera,SO,10.4396,45.0143,82.24,78,95,6.17,overcast clouds
85,Portland,US,45.5234,-122.6762,77,25,0,1.99,clear sky
86,Garhi Yasin,PK,27.9069,68.511,80.6,57,0,12.21,haze
87,Kapaa,US,22.0752,-159.319,70,88,90,10.36,overcast clouds
88,Jalu,LY,29.0331,21.5482,95.4,7,19,10.78,few clouds
89,Luena,AO,-11.7833,19.9167,63.45,72,21,3.6,few clouds
90,Nsanje,MW,-16.92,35.262,67.42,94,100,4.27,light rain
91,Sonoita,MX,31.85,-112.8333,79,11,0,5.99,clear sky
92,Gerash,IR,27.6652,54.1371,75.2,20,0,4.61,clear sky
93,Ponta Do Sol,PT,32.6667,-17.1,62.01,62,100,3,overcast clouds
94,Tuktoyaktuk,CA,69.4541,-133.0374,19.4,86,40,9.22,scattered clouds
95,Upernavik,GL,72.7868,-56.1549,8.55,78,100,6.69,overcast clouds
96,Bor,RU,56.3567,44.0669,51.8,28,0,8.95,clear sky
97,Vanderhoof,CA,54.0166,-124.0198,51.6,77,89,3.98,overcast clouds
98,Kuloy,RU,61.0305,42.4925,41.02,74,9,5.14,clear sky
99,Tilichiki,RU,60.4667,166.1,18.72,88,99,8.01,overcast clouds
100,Puerto Ayora,EC,-0.7393,-90.3518,79,94,90,13.8,"light rain', 'drizzle rain"
101,Vaini,TO,-21.2,-175.2,69.8,88,20,4.61,few clouds
102,Cayenne,GF,4.9333,-52.3333,84.2,70,90,19.57,overcast clouds
103,Wexford,IE,52.3342,-6.4575,48,76,20,12.66,few clouds
104,Qui Nhon,VN,13.7667,109.2333,74.48,87,6,5.59,clear sky
105,Marzuq,YE,14.4,46.4667,70.83,54,0,5.55,clear sky
106,Batagay,RU,67.6333,134.6333,4.78,85,51,6.31,broken clouds
107,Whitianga,NZ,-36.8333,175.7,50,94,10,3.78,clear sky
108,Mareeba,AU,-17,145.4333,77,78,75,8.05,broken clouds
109,Tasiilaq,GL,65.6145,-37.6368,26.6,86,75,2.93,light rain
110,Nome,US,64.5011,-165.4064,32,93,90,8.05,"light snow', 'mist"
111,Xining,CN,36.6167,101.7667,41.18,43,0,0.76,clear sky
112,Puerto Varas,CL,-41.3195,-72.9854,59,77,90,8.05,overcast clouds
113,Ilulissat,GL,69.2167,-51.1,8.6,61,75,9.22,broken clouds
114,Ostrovnoy,RU,68.0531,39.5131,30.49,83,90,3.78,overcast clouds
115,Ogulin,HR,45.2661,15.2286,50,53,20,13.8,few clouds
116,Morgantown,US,39.6295,-79.9559,54,54,90,3.44,overcast clouds
117,Severnyy,RU,50.677,36.5532,44.6,76,0,8.95,clear sky
118,Prince Rupert,CA,54.3161,-130.3201,53.6,58,1,3.44,clear sky
119,Hermanus,ZA,-34.4187,19.2345,66,66,0,5.06,clear sky
120,Lebu,CL,-37.6167,-73.65,60.85,72,20,7.72,few clouds
121,Manado,ID,1.487,124.8455,78.8,94,20,1.14,few clouds
122,Haveli,PK,30.4502,73.6989,71.92,50,69,8.16,broken clouds
123,Seoul,KR,37.5683,126.9778,46.4,75,0,4.61,clear sky
124,Fort Nelson,CA,58.8053,-122.7002,42.8,70,75,13.8,"light snow', 'light rain"
125,La Serena,CL,-29.9078,-71.2542,62.6,72,40,11.5,scattered clouds
126,Airai,TL,-8.9266,125.4092,57.96,86,82,2.55,broken clouds
127,Half Moon Bay,US,37.4636,-122.4286,64.99,63,20,19.57,few clouds
128,Tautira,PF,-17.7333,-149.15,86,66,20,10.36,few clouds
129,Marabba,SD,12.35,32.1833,92.28,7,8,7.87,clear sky
130,Vardo,NO,70.3705,31.1107,32,100,75,6.91,mist
131,Ankang,CN,32.68,109.0172,57.99,34,100,8.99,overcast clouds
132,Guerrero Negro,MX,27.9769,-114.0611,65.82,58,2,18.95,clear sky
133,Hasaki,JP,35.7333,140.8333,59,94,75,5.75,broken clouds
134,Mildura,AU,-34.2,142.15,48,81,0,4.61,clear sky
135,Alofi,NU,-19.0595,-169.9187,68,94,10,1.14,clear sky
136,La Ronge,CA,55.1001,-105.2842,51.8,40,100,13.8,overcast clouds
137,Plettenberg Bay,ZA,-34.0527,23.3716,66.87,40,77,3.4,broken clouds
138,Lukovetskiy,RU,64.2956,41.9211,37.4,75,0,2.24,clear sky
139,Souillac,MU,-20.5167,57.5167,77,88,75,6.91,broken clouds
140,Kruisfontein,ZA,-34.0033,24.7314,62.67,47,81,3.71,broken clouds
141,Raudeberg,NO,61.9875,5.1352,44.01,58,0,4.54,clear sky
142,Barrow,US,71.2906,-156.7887,26.6,80,1,13.8,clear sky
143,Ataco,CO,3.5915,-75.3818,83.37,62,89,3.04,overcast clouds
144,Aktau,KZ,43.65,51.2,53.6,54,0,6.71,clear sky
145,Linkoping,SE,58.4109,15.6216,46.4,61,100,3.44,overcast clouds
146,Olafsvik,IS,64.8945,-23.7142,36.59,93,100,9.37,overcast clouds
147,Nizhniy Baskunchak,RU,48.2198,46.8311,52.07,80,94,9.35,overcast clouds
148,Qaqortoq,GL,60.7167,-46.0333,28.4,26,1,5.75,clear sky
149,New Norfolk,AU,-42.7826,147.0587,54,81,99,4,overcast clouds
150,Waipawa,NZ,-41.4122,175.5153,55.99,87,7,9.22,clear sky
151,Vao,NC,-22.6667,167.4833,75.2,73,40,16.02,scattered clouds
152,Praia Da Vitoria,PT,38.7333,-27.0667,71.6,60,20,9.95,few clouds
153,Fuente De Oro,CO,3.4594,-73.6128,72.43,96,100,0.92,overcast clouds
154,Castro,BR,-24.7911,-50.0119,66.31,85,99,4.99,overcast clouds
155,Marinette,US,45.1,-87.6307,51.8,35,1,11.5,clear sky
156,Amapa,BR,1,-52,78.84,95,93,3.89,moderate rain
157,Cairns,AU,-16.9167,145.7667,77,78,75,8.05,broken clouds
158,Beloha,MG,-25.1667,45.05,65.73,49,78,9.1,broken clouds
159,San Cristobal,VE,7.7669,-72.225,95,38,40,17.27,scattered clouds
160,Kuruman,ZA,-27.4524,23.4325,65.73,31,39,2.3,scattered clouds
161,Constitucion,CL,-35.3333,-72.4167,62.44,72,75,6.2,broken clouds
162,Hualmay,PE,-11.0964,-77.6139,73.2,73,24,10.02,few clouds
163,Byron Bay,AU,-28.65,153.6167,60.8,82,90,10.36,overcast clouds
164,Codrington,AU,-38.2667,141.9667,52.36,92,21,6.98,few clouds
165,Pochutla,MX,15.7432,-96.4661,88,62,75,11.5,broken clouds
166,Cabo San Lucas,MX,22.8909,-109.9124,86,32,1,6.91,clear sky
167,Eppingen,DE,49.1369,8.9103,46,78,100,5.12,overcast clouds
168,Grand Gaube,MU,-20.0064,57.6608,78.01,86,17,1.01,few clouds
169,Esperance,AU,-33.8667,121.9,55.4,82,0,11.5,clear sky
170,Balkanabat,TM,39.5108,54.3671,72.14,30,7,3.02,clear sky
171,Aromashevo,RU,56.8602,68.6375,38.88,65,26,6.38,scattered clouds
172,Bayan,CN,46.0833,127.4,36.91,87,10,4.14,clear sky
173,Grants Pass,US,42.439,-123.3284,73,21,1,3.96,clear sky
174,Buhe,CN,30.2876,112.2298,62.01,66,100,4.97,overcast clouds
175,Babushkin,RU,51.7122,105.8647,30.56,96,100,17.07,snow
176,Maldonado,UY,-34.6667,-54.9167,73.4,68,40,13.8,scattered clouds
177,Kizema,RU,61.113,44.8302,38.03,80,16,4.72,few clouds
178,Moose Factory,CA,51.2585,-80.6094,41,75,90,10.36,overcast clouds
179,Balkhash,KZ,46.844,74.9804,53.8,51,23,18.45,few clouds
180,Mount Gambier,AU,-37.8333,140.7667,53.6,87,90,8.05,overcast clouds
181,Lais,PH,6.3328,125.6464,80.44,78,100,6.8,overcast clouds
182,Shadrinsk,RU,56.0852,63.6335,43.12,59,21,5.44,few clouds
183,Srednekolymsk,RU,67.45,153.6833,14.11,80,100,10.67,overcast clouds
184,Teguise,ES,29.0605,-13.564,71.6,60,20,20.71,few clouds
185,Novyye Burasy,RU,52.1324,46.0714,50.5,90,100,8.95,light rain
186,Melo,UY,-32.3667,-54.1833,74.5,67,0,8.21,clear sky
187,Nouadhibou,MR,20.931,-17.0347,71.6,64,0,20.71,clear sky
188,Hamilton,US,39.1834,-84.5333,55,71,90,12.66,light rain
189,Mnogovershinnyy,RU,53.9353,139.9242,22.44,98,52,2.62,broken clouds
190,Paranga,RU,56.7039,49.4047,38.16,82,0,5.66,clear sky
191,Vanavara,RU,60.34,102.2797,6.51,95,54,4.7,broken clouds
192,Korla,CN,41.7597,86.1469,62.83,27,95,1.74,overcast clouds
193,Maun,BW,-19.9833,23.4167,69.8,60,0,5.75,clear sky
194,Saint George,US,37.1041,-113.5841,64,25,75,8.05,broken clouds
195,Lucea,JM,18.451,-78.1736,84.2,74,75,20.71,broken clouds
196,Mandiana,GN,10.6333,-8.6833,84.6,48,100,5.68,overcast clouds
197,Port Lincoln,AU,-34.7333,135.8667,57.38,79,5,4.65,clear sky
198,Balikpapan,ID,-1.2675,116.8289,75.72,88,100,4.05,overcast clouds
199,Nanzhou,CN,29.3596,112.4024,58.42,66,100,6.62,overcast clouds
200,Georgetown,MY,5.4112,100.3354,80.6,83,40,3.44,scattered clouds
201,San Quintin,MX,30.4833,-115.95,63.43,64,0,16.84,clear sky
202,Hun,LY,29.1268,15.9477,79.29,35,23,15.46,few clouds
203,Zambezi,ZM,-13.5432,23.1047,67.05,60,99,5.48,overcast clouds
204,East London,ZA,-33.0153,27.9116,64.4,77,0,11.5,clear sky
205,Sorong,ID,-0.8833,131.25,78.48,85,88,6.29,overcast clouds
206,Sulangan,PH,11.1373,123.7228,82.36,71,100,24.09,heavy intensity rain
207,Nizhniy Kuranakh,RU,58.8353,125.4869,26.22,92,100,5.75,light snow
208,Zhigalovo,RU,54.8097,105.1578,22.14,85,88,5.82,overcast clouds
209,Nanakuli,US,21.3906,-158.1547,77,61,1,8.05,clear sky
210,Saldanha,ZA,-33.0117,17.9442,68,34,0,3.44,clear sky
211,Tuatapere,NZ,-46.1333,167.6833,51.01,93,92,5.01,overcast clouds
212,Riberalta,BO,-10.9833,-66.1,86.63,66,99,4.27,overcast clouds
213,San Policarpo,PH,12.1791,125.5072,77.23,94,100,29.89,moderate rain
214,Opuwo,NA,-18.0607,13.84,73.49,45,74,7.07,broken clouds
215,Flagstaff,US,35.1981,-111.6513,48,45,90,8.05,overcast clouds
216,Rawson,AR,-43.3002,-65.1023,68.07,39,100,20.8,overcast clouds
217,Cherskiy,RU,68.75,161.3,15.98,74,2,19.04,clear sky
218,Dikson,RU,73.5069,80.5464,-16.19,100,30,3.4,scattered clouds
219,Puerto Leguizamo,CO,-0.1934,-74.7819,73.38,95,100,1.7,overcast clouds
220,Broome,US,42.2506,-75.833,48,70,90,9.22,overcast clouds
221,Touros,BR,-5.1989,-35.4608,82.4,74,40,8.05,light rain
222,Ballina,AU,-28.8667,153.5667,60.8,82,90,10.36,overcast clouds
223,Sola,VU,-13.8833,167.55,82.6,73,41,15.3,scattered clouds
224,General Roca,AR,-39.0333,-67.5833,71.6,37,0,4.61,clear sky
225,Hami,CN,42.8,93.45,63.5,12,100,4.16,overcast clouds
226,Nanortalik,GL,60.1432,-45.2371,25.84,51,3,33.67,clear sky
227,Pangnirtung,CA,66.1451,-65.7125,6.8,72,20,4.61,few clouds
228,Fairbanks,US,64.8378,-147.7164,39.2,64,1,2.55,clear sky
229,Kyrylivka,UA,46.3759,35.3675,47.19,72,5,9.22,clear sky
230,Samarai,PG,-10.6167,150.6667,82,79,72,12.66,broken clouds
231,Zafra,ES,38.4167,-6.4167,66.2,42,0,5.75,clear sky
232,Grindavik,IS,63.8424,-22.4338,39.2,81,90,9.22,overcast clouds
233,El Alto,PE,-4.2714,-81.2147,84.2,51,0,14.97,clear sky
234,Kismayo,SO,-0.3582,42.5454,83.16,76,47,13.87,scattered clouds
235,Mehamn,NO,71.0357,27.8492,35.01,90,16,10.83,few clouds
236,Porto Novo,BJ,6.4965,2.6036,84.2,84,40,13.8,scattered clouds
237,Sur,OM,22.5667,59.5289,83.46,58,83,6.67,broken clouds
238,Barentu,ER,15.1139,37.5928,78.93,39,91,17.31,overcast clouds
239,Berlevag,NO,70.8578,29.0864,37.85,88,72,11.43,broken clouds
240,Pombas,CV,17.1503,-25.0201,73.4,60,20,29.93,few clouds
241,Taoudenni,ML,22.6783,-3.9836,88.95,12,0,7.92,clear sky
242,Kralendijk,BQ,12.15,-68.2667,86,66,75,20.71,broken clouds
243,Orange Cove,US,36.6244,-119.3137,72,43,14,4,few clouds
244,Ola,RU,59.5833,151.2833,17.83,95,76,6.49,broken clouds
245,Cockburn Town,TC,21.4612,-71.1419,78.62,80,0,9.19,clear sky
246,Chernyshevskiy,RU,63.0128,112.4714,6.58,88,100,11.12,overcast clouds
247,Wajima,JP,37.4,136.9,47.93,78,57,33.04,broken clouds
248,Razam,IN,18.4667,83.6667,80.55,76,0,5.08,clear sky
249,Maltahohe,NA,-24.8333,16.9833,69.22,38,12,7.72,few clouds
250,Hashtgerd,IR,35.9642,50.6858,62.6,27,0,3.06,clear sky
251,Faya,SA,18.3851,42.4509,60.8,55,40,4.92,scattered clouds
252,Katsuura,JP,35.1333,140.3,61,73,100,7,overcast clouds
253,Yar-Sale,RU,66.8333,70.8333,-10.26,99,74,8.55,broken clouds
254,Dwarka,IN,22.2394,68.9678,80.4,84,0,10.92,clear sky
255,Krasnoselkup,RU,65.7,82.4667,-4.68,93,60,13.82,broken clouds
256,Lander,US,42.833,-108.7307,48.99,42,75,12.66,broken clouds
257,Ribas Do Rio Pardo,BR,-20.4431,-53.7592,81.77,50,87,6.04,overcast clouds
258,Asyut,EG,27.181,31.1837,86,26,0,9.22,clear sky
259,Eidsvag,NO,62.7767,8.0668,44.6,61,27,8.05,scattered clouds
260,Troitskoye,RU,52.9821,84.6757,29.55,90,28,2.93,scattered clouds
261,Ipaussu,BR,-23.0553,-49.6284,75.67,65,100,3.78,overcast clouds
262,Kasongo-Lunda,CD,-6.4667,16.8167,73.17,89,15,2.19,few clouds
263,Ko Samui,TH,9.5357,99.9357,83.26,72,100,8.86,overcast clouds
264,Ardesen,TR,41.1911,40.9875,53.6,87,75,8.05,broken clouds
265,Alta Gracia,AR,-31.6529,-64.4283,84.99,62,60,17,broken clouds
266,Sakhon Nakhon,TH,17.1612,104.1472,75.47,82,33,4.72,scattered clouds
267,Sanming,CN,26.2486,117.6186,63.21,79,72,2.73,broken clouds
268,Chapais,CA,49.7834,-74.8492,50,46,20,6.91,few clouds
269,Veere,NL,51.5483,3.6667,44.01,84,13,7,few clouds
270,Barkly West,ZA,-28.5354,24.5215,53.6,54,4,1.14,clear sky
271,Fairlie,GB,55.756,-4.8556,50,70,100,4,overcast clouds
272,Tabuk,PH,17.4189,121.4443,72.86,80,100,7.2,overcast clouds
273,Talusan,PH,7.4267,122.8103,81.95,77,100,12.77,overcast clouds
274,Norman Wells,CA,65.282,-126.8329,39.2,56,75,4.72,broken clouds
275,Guarapari,BR,-20.6667,-40.4975,81,78,40,9.22,scattered clouds
276,Payson,US,40.0444,-111.7321,53.01,40,40,11.5,scattered clouds
277,Amot,NO,59.5714,7.9877,46,58,19,4,few clouds
278,Flin Flon,CA,54.7682,-101.865,48.2,46,40,8.05,scattered clouds
279,Coahuayana,MX,18.7333,-103.6833,84.2,30,1,11.5,clear sky
280,Ishigaki,JP,24.3448,124.1572,70.83,61,6,26.96,clear sky
281,Angoche,MZ,-16.2325,39.9086,76.64,64,100,15.86,overcast clouds
282,Eydhafushi,MV,5.1033,73.0708,83.32,74,78,8.61,broken clouds
283,Les Escoumins,CA,48.1111,-69.0236,39.2,81,89,23.02,overcast clouds
284,Kinshasa,CD,-4.3246,15.3215,87.8,70,20,3.44,few clouds
285,Yanggu,CN,36.1106,115.7753,45.36,24,3,7.54,clear sky
286,Torbay,CA,47.6666,-52.7314,41,81,90,17.27,overcast clouds
287,Kapoeta,SS,4.7717,33.5903,84.61,43,100,5.44,overcast clouds
288,Saint-Joseph,RE,-21.3667,55.6167,73.4,94,90,6.91,"moderate rain', 'mist"
289,Makakilo City,US,21.3469,-158.0858,77,61,1,8.05,clear sky
290,Kidal,ML,18.4411,1.4078,95.63,4,100,9.33,overcast clouds
291,Rabo De Peixe,PT,37.8,-25.5833,64.4,94,75,10.36,broken clouds
292,Hargeysa,SO,9.56,44.065,71.73,64,100,8.46,light rain
293,Coquimbo,CL,-29.9533,-71.3436,62.6,72,40,11.5,scattered clouds
294,Waingapu,ID,-9.6567,120.2641,76.42,85,100,5.5,overcast clouds
295,Birin,NP,26.8865,88.0718,57.47,72,1,4.5,clear sky
296,Lodja,CD,-3.4833,23.4333,70.32,96,21,2.55,light rain
297,Mabaruma,GY,8.2,-59.7833,87.8,70,40,11.5,scattered clouds
298,Fortuna,US,40.5982,-124.1573,55.4,82,1,13.8,clear sky
299,Sinnamary,GF,5.3833,-52.95,81.64,72,97,14.5,overcast clouds
300,San Patricio,US,28.017,-97.5169,62.6,77,90,10.36,overcast clouds
301,Astoria,US,46.1879,-123.8313,75.2,31,1,9.22,clear sky
302,Maniitsoq,GL,65.4167,-52.9,14.4,72,99,11.65,overcast clouds
303,Shnogh,AM,41.1469,44.8404,60.8,63,0,4.61,clear sky
304,De Aar,ZA,-30.6497,24.0123,64.98,18,0,4.9,clear sky
305,College,US,64.8569,-147.8028,39.2,56,1,2.51,clear sky
306,Galesong,ID,-5.3166,119.3661,73.4,100,20,2.3,few clouds
307,Lasa,IT,46.6166,10.7002,53.6,48,0,6.91,clear sky
308,Broken Hill,AU,-31.95,141.4333,48.2,57,0,3.44,clear sky
309,Aswan,EG,24.0934,32.907,86.31,13,0,9.42,clear sky
310,Odienne,CI,9.51,-7.5692,78.22,64,100,4.45,overcast clouds
311,Meulaboh,ID,4.1363,96.1285,77.34,86,79,3.44,broken clouds
312,Ternate,ID,0.8,127.4,80.82,81,100,8.12,overcast clouds
313,Vila Franca Do Campo,PT,37.7167,-25.4333,64.4,94,75,10.36,broken clouds
314,Jiwani,PK,25.05,61.7417,81.73,68,1,7.05,clear sky
315,Barcelona,ES,41.3888,2.159,53.6,58,20,5.75,few clouds
316,Nynashamn,SE,58.9034,17.9479,50,34,100,6.91,overcast clouds
317,Port-Gentil,GA,-0.7193,8.7815,84.2,84,20,9.22,few clouds
318,Hit,IQ,33.6416,42.8251,79.7,17,0,2.53,clear sky
319,Panaba,MX,21.2833,-88.2667,100.13,26,1,14.56,clear sky
320,Eslamshahr,IR,35.5605,51.2346,68,24,0,4.61,clear sky
321,Lahaina,US,20.8783,-156.6825,75.2,83,40,8.05,scattered clouds
322,Umm Lajj,SA,25.0213,37.2685,81.55,55,0,8.48,clear sky
323,Cidreira,BR,-30.1811,-50.2056,73.44,78,100,10.94,moderate rain
324,Moerai,PF,-22.4333,-151.3333,78.82,74,15,5.23,few clouds
325,Margate,GB,51.3813,1.3862,44.01,65,100,3,overcast clouds
326,Diamantino,BR,-14.4086,-56.4461,88.43,52,32,0.45,moderate rain
327,Ust-Tsilma,RU,65.441,52.1498,23.23,79,100,10.94,overcast clouds
328,Eureka,US,40.8021,-124.1637,55.4,93,90,6.91,mist
329,Soe,ID,-9.8607,124.284,64.53,88,98,2.91,overcast clouds
330,Wendo,ET,6.6,38.4167,60.22,87,100,6.02,overcast clouds
331,Gamba,GA,-2.65,10,79.52,88,94,6.62,overcast clouds
332,Lavrentiya,RU,65.5833,-171,31.08,90,100,12.21,overcast clouds
333,Ures,MX,29.4333,-110.4,84.99,17,0,5.99,clear sky
334,Kosino,RU,58.4127,51.2782,38.57,80,8,4.68,clear sky
335,Paamiut,GL,61.994,-49.6678,20.66,60,11,13.06,few clouds
336,Solano,US,38.2333,-121.9511,80.6,12,1,23.02,clear sky
337,Deputatskiy,RU,69.3,139.9,6.44,94,100,3.38,overcast clouds
338,Koslan,RU,63.4564,48.8989,32.9,72,99,10.94,overcast clouds
339,Kavaratti,IN,10.5669,72.642,84.36,69,7,6.85,clear sky
340,Laguna,US,38.421,-121.4238,81,12,1,10.36,clear sky
341,Naberera,TZ,-4.2,36.9333,61.92,92,9,9.24,clear sky
342,Bukama,CD,-9.2,25.85,70.11,90,99,3.42,overcast clouds
343,Kaohsiung,TW,22.6163,120.3133,78.8,73,75,8.05,broken clouds
344,Coihueco,CL,-36.6167,-71.8333,69.8,56,94,5.75,overcast clouds
345,Ahipara,NZ,-35.1667,173.1667,59.92,58,96,6.93,overcast clouds
346,Ngunguru,NZ,-35.6167,174.5,53.01,94,48,4,scattered clouds
347,Te Anau,NZ,-45.4167,167.7167,50.05,93,100,6.91,overcast clouds
348,Kahului,US,20.8947,-156.47,75.2,83,40,8.05,scattered clouds
349,Ous,RU,60.9058,61.5186,38.93,82,100,15.32,overcast clouds
350,Egvekinot,RU,66.3167,-179.1667,27.23,98,100,19.75,light snow
351,Camacha,PT,33.0833,-16.3333,64.4,63,20,12.66,few clouds
352,Rio Grande,BR,-32.035,-52.0986,78.8,53,20,9.22,few clouds
353,Natal,BR,-5.795,-35.2094,82.4,74,75,10.36,broken clouds
354,Port Macquarie,AU,-31.4333,152.9167,53.01,98,100,1.01,overcast clouds
355,Chokurdakh,RU,70.6333,147.9167,6.26,94,100,4.97,overcast clouds
356,Goderich,CA,43.7501,-81.7165,42.8,87,89,8.05,overcast clouds
357,Victoria,HK,22.2855,114.1577,73.99,73,100,1.01,overcast clouds
358,Korem,ET,12.5058,39.5228,59.72,31,9,5.5,clear sky
359,Amurrio,ES,43.05,-3,50,53,20,4.61,few clouds
360,Khuzhir,RU,53.1939,107.3397,33.17,77,100,10.47,overcast clouds
361,Bayir,TR,37.2687,28.2167,78.8,19,75,26.46,light rain
362,Tiksi,RU,71.6872,128.8694,4.6,96,100,11.01,light snow
363,Flinders,AU,-34.5833,150.8552,54,86,9,1.01,clear sky
364,Los Llanos De Aridane,ES,28.6585,-17.9182,68,68,75,16.11,broken clouds
365,Bemidji,US,47.4736,-94.8803,53.6,26,1,10.36,clear sky
366,Realeza,BR,-25.7689,-53.5325,82.35,41,82,3.76,broken clouds
367,Buala,SB,-8.145,159.5921,79.54,79,75,3.2,broken clouds
368,Eregli,TR,37.5133,34.0467,64.8,42,91,8.93,overcast clouds
369,Finschhafen,PG,-6.6024,147.8681,78.57,83,100,8.16,overcast clouds
370,Florianopolis,BR,-27.6146,-48.5012,75.2,69,75,8.05,moderate rain
371,Rach Gia,VN,10.0167,105.0833,78.8,94,40,2.3,scattered clouds
372,Tucumcari,US,35.1717,-103.725,44.6,49,90,11.5,overcast clouds
373,Husavik,IS,66.0449,-17.3389,41,87,90,5.75,light rain
374,Myitkyina,MM,25.3833,97.4,67.39,89,42,0.92,scattered clouds
375,Ulladulla,AU,-35.35,150.4667,54,100,90,6.91,overcast clouds
376,Oranjestad,AW,12.524,-70.027,86,66,20,24.16,few clouds
377,Biak,ID,-0.9131,122.8766,74.37,80,100,4.72,overcast clouds
378,Dumas,US,35.8656,-101.9732,48.99,46,75,12.66,broken clouds
379,Aklavik,CA,68.2191,-135.0107,35.6,55,20,3.44,few clouds
380,Orizona,BR,-17.0314,-48.2958,79.99,49,18,1.32,few clouds
381,Katangli,RU,51.7102,143.2326,32.9,99,100,3.56,overcast clouds
382,Geraldton,AU,-28.7667,114.6,66.2,42,20,8.05,few clouds
383,Antofagasta,CL,-23.65,-70.4,66.2,68,20,13.8,few clouds
384,Champerico,GT,14.3,-91.9167,93.2,49,40,9.22,scattered clouds
385,Rosetta,EG,31.4044,30.4164,75.2,53,0,8.05,clear sky
386,Pozo Colorado,PY,-23.4923,-58.7972,94.46,30,63,5.19,broken clouds
387,Glace Bay,CA,46.1969,-59.957,37,100,90,12.66,"light snow', 'mist"
388,Neiafu,TO,-18.65,-173.9833,71.6,83,20,11.72,few clouds
389,Alta Floresta,BR,-9.8756,-56.0861,87.8,66,40,4.61,scattered clouds
390,Rundu,NA,-17.9333,19.7667,67.51,42,62,5.57,broken clouds
391,Shagonar,RU,51.5333,92.8,35.82,66,5,4.83,clear sky
392,Krasnoye,UA,49.9145,24.6134,42.8,81,75,4.47,broken clouds
393,Mehran,IR,33.1222,46.1646,60.8,31,0,4.61,clear sky
394,Etchoropo,MX,26.7667,-109.6667,89.01,25,0,10.47,clear sky
395,Binzhou,CN,37.3667,118.0167,47.16,24,0,8.01,clear sky
396,Lokosovo,RU,61.1333,74.8167,14.2,77,100,9.51,overcast clouds
397,Chimbote,PE,-9.0853,-78.5783,73.2,73,94,12.39,overcast clouds
398,Mananjary,MG,-21.2167,48.3333,72.97,67,100,11.32,overcast clouds
399,At-Bashi,KG,41.1702,75.8106,42.89,52,100,2.66,overcast clouds
400,Puerto Boyaca,CO,5.9758,-74.5885,92.35,51,97,1.01,overcast clouds
401,Penukonda,IN,14.0833,77.5833,83.14,47,34,14.18,scattered clouds
402,Kloulklubed,PW,7.0419,134.2556,80.6,89,75,11.5,broken clouds
403,Canton,CN,23.1167,113.25,77,78,90,4.47,overcast clouds
404,Ponta Delgada,PT,37.7333,-25.6667,64.4,94,75,10.36,broken clouds
405,Gat,IL,31.61,34.7642,73,72,36,5.46,scattered clouds
406,Kulhudhuffushi,MV,6.6221,73.07,84.51,70,61,5.1,broken clouds
407,Baihar,IN,22.1,80.55,79.61,25,1,0.85,clear sky
408,Noumea,NC,-22.2763,166.4572,75,94,0,8.03,clear sky
409,Ozinki,RU,51.1786,49.6769,58.33,57,69,10.07,broken clouds
410,Basco,PH,20.4487,121.9702,76.86,78,100,34.2,overcast clouds
411,Alim,PH,9.5649,122.4876,80.89,77,100,8.75,overcast clouds
412,Torgau,DE,51.5667,13,48.2,71,75,3.44,broken clouds
413,Seymchan,RU,62.8833,152.4333,12.15,80,67,10.92,broken clouds
414,Daru,PG,-9.0763,143.2092,78.35,89,100,7.14,heavy intensity rain
415,Sobolevo,RU,54.4299,31.8996,50.81,88,100,16.42,light rain
416,Omsukchan,RU,62.5333,155.8,11.55,75,74,10.29,broken clouds
417,Kodiak,US,57.79,-152.4072,42.8,75,90,5.75,overcast clouds
418,Adre,TD,13.4667,22.2,82.02,7,0,9.84,clear sky
419,Coihaique,CL,-45.5752,-72.0662,57.2,62,75,5.75,broken clouds
420,Voyvozh,RU,62.892,54.9635,27.37,72,72,11.43,broken clouds
421,Tezu,IN,27.9167,96.1667,68.34,74,76,2.98,broken clouds
422,Olinda,BR,-8.0089,-34.8553,73.4,83,75,5.75,broken clouds
423,Qasigiannguit,GL,68.8193,-51.1922,8.6,61,75,9.22,broken clouds
424,Morondava,MG,-20.2833,44.2833,74.44,46,0,15.48,clear sky
425,Stonewall,CA,50.1344,-97.3268,54,37,40,8.05,scattered clouds
426,Clemson,US,34.6834,-82.8374,68,37,20,4.61,few clouds
427,Port Blair,IN,11.6667,92.75,80.76,75,17,4.9,few clouds
428,Newport,GB,51.5877,-2.9984,51.01,49,9,6.91,clear sky
429,Palmer,US,42.1584,-72.3287,50,62,75,8.05,broken clouds
430,Jinsha,CN,32.0898,121.0735,50,49,76,5.53,broken clouds
431,Yopal,CO,5.3378,-72.3959,84,63,100,3.74,overcast clouds
432,Korcula,HR,42.9622,17.1369,48.2,76,75,5.75,broken clouds
433,Channel-Port Aux Basques,CA,47.5702,-59.1367,39.49,75,100,25.86,overcast clouds
434,Luderitz,NA,-26.6481,15.1594,77.95,38,24,2.06,few clouds
435,Camana,PE,-16.6228,-72.7111,71.92,71,15,9.64,few clouds
436,Susangerd,IR,31.5608,48.1831,82.4,20,0,4.61,clear sky
437,Faanui,PF,-16.4833,-151.75,82.4,72,99,9.84,overcast clouds
438,Mezen,RU,65.8522,44.24,28.06,85,20,6.02,few clouds
439,Celestun,MX,20.8667,-90.4,89.56,54,28,10.25,scattered clouds
440,Avera,US,33.194,-82.5271,77,31,1,8.05,clear sky
441,Manzanillo,CU,20.3433,-77.1167,93.29,35,1,12.33,clear sky
442,Bilma,NE,18.6853,12.9164,91.99,6,100,8.57,overcast clouds
443,Alyangula,AU,-13.8483,136.4192,68,100,98,1.14,overcast clouds
444,Alice Springs,AU,-23.7,133.8833,46.4,76,0,4.61,clear sky
445,Pevek,RU,69.7008,170.3133,16.79,94,94,6.93,overcast clouds
446,Longfeng,CN,46.55,125.1167,38.57,79,0,6.64,clear sky
447,Chicama,PE,-7.8447,-79.1469,66.2,82,75,10.36,fog
448,Wamba,NG,8.9333,8.6,86.07,48,99,1.79,light rain
449,San Antonio,US,29.4241,-98.4936,71.6,37,20,14.97,few clouds
450,Petropavlovsk-Kamchatskiy,RU,53.0452,158.6483,32,74,98,6.71,overcast clouds
451,Kikwit,CD,-5.041,18.8162,68.76,91,100,3.24,overcast clouds
452,Santa Cruz De La Palma,ES,28.6835,-17.7642,69.8,68,75,16.11,broken clouds
453,Buenaventura,CO,3.8801,-77.0312,83.8,75,100,5.41,overcast clouds
454,Tura,IN,25.5198,90.2201,67.59,81,0,5.14,clear sky
455,Martapura,ID,-3.4167,114.85,73.4,94,100,1.14,overcast clouds
456,Hinton,CA,53.4001,-117.5857,60.8,21,84,3.44,broken clouds
457,Silifke,TR,36.3778,33.9344,72.01,51,100,2.73,overcast clouds
458,Sawakin,SD,19.1059,37.3321,80.42,75,0,4.61,clear sky
459,Launceston,AU,-41.45,147.1667,46,100,10,11.5,fog
460,Tamandare,BR,-8.7597,-35.1047,80.31,78,80,6.29,broken clouds
461,Khandyga,RU,62.6667,135.6,22.89,86,100,6.46,overcast clouds
462,Uarini,BR,-2.99,-65.1083,87.8,70,40,6.91,scattered clouds
463,Tagusao,PH,9.1924,117.8141,79.97,81,100,4.25,light rain
464,Loding,NO,67.3,14.75,42.01,70,0,2.3,clear sky
465,Rantauprapat,ID,2.1,99.8333,70.66,96,96,2.1,overcast clouds
466,Condado,CU,21.8767,-79.8403,95,62,20,11.5,few clouds
467,Ombessa,CM,4.603,11.2565,76.87,79,100,4.88,overcast clouds
468,Verkhoyansk,RU,67.5447,133.385,8.8,82,100,7.23,overcast clouds
469,Kitui,KE,-1.367,38.0106,66.18,82,46,5.3,scattered clouds
470,Pangoa,PE,-12.1167,-73,82.29,64,99,2.48,overcast clouds
471,Bundaberg,AU,-24.85,152.35,64,77,2,6.91,clear sky
472,Bilibino,RU,68.0546,166.4372,1.33,98,69,3.24,broken clouds
473,Lorengau,PG,-2.0226,147.2712,80.06,79,63,12.24,broken clouds
474,Kursk,RU,51.7303,36.1939,41,87,0,4.47,light rain
475,Kavieng,PG,-2.5744,150.7967,81.21,80,98,10,moderate rain
476,Hovd,MN,48.0056,91.6419,46.87,32,99,7.61,overcast clouds
477,Provideniya,RU,64.3833,-173.3,27.9,97,100,5.86,overcast clouds
478,Bismil,TR,37.8486,40.6658,60.8,62,0,4.61,clear sky
479,Huitan,GT,15.1,-91.6167,82.4,43,40,16.11,scattered clouds
480,Gorontalo,ID,0.5412,123.0595,75.88,87,98,1.7,overcast clouds
481,Linguere,SN,15.3953,-15.1193,105.8,12,0,9.22,clear sky
482,Yulara,AU,-25.2406,130.9889,55.4,54,0,6.91,clear sky
483,Ler,SS,8.3018,30.1418,91.22,30,96,3.53,overcast clouds
484,Shakhtinsk,KZ,49.71,72.5872,35.6,93,0,4.47,clear sky
485,Mayo,US,38.8876,-76.5119,57,62,90,9.22,overcast clouds
486,Solnechnyy,RU,50.7214,136.6319,30.51,94,26,3.49,scattered clouds
487,Shingu,JP,33.7333,135.9833,50.94,69,100,11.32,overcast clouds
488,Tessalit,ML,20.1986,1.0114,91.63,10,91,14.18,overcast clouds
489,Sherman,US,33.6357,-96.6089,57,63,82,5.01,broken clouds
490,Rio Gallegos,AR,-51.6226,-69.2181,62.6,34,0,12.66,clear sky
491,Kamenka,RU,51.3223,42.7678,43,93,0,1.1,clear sky
492,Aykhal,RU,66,111.5,5.23,94,100,22.1,overcast clouds
493,Saint-Pierre,RE,-21.3393,55.4781,73.4,94,90,6.91,"moderate rain', 'mist"
494,Hagerstown,US,39.6418,-77.72,55,54,90,9.22,overcast clouds
495,Sunrise Manor,US,36.2111,-115.0731,71.01,19,1,6.91,clear sky
496,Bathsheba,BB,13.2167,-59.5167,86,54,75,19.57,broken clouds
497,Inirida,CO,3.8653,-67.9239,87.03,64,93,1.59,overcast clouds
498,Alihe,CN,50.5667,123.7167,28.4,89,5,2.37,clear sky
499,Vredendal,ZA,-31.6683,18.5012,83.35,18,0,9.91,clear sky
500,Zlobin,HR,45.2924,14.6541,50,53,20,13.8,few clouds
501,Dandong,CN,40.1292,124.3947,40.06,74,0,5.91,clear sky
502,Sylacauga,US,33.1732,-86.2516,71.01,46,90,8.05,overcast clouds
503,Yumen,CN,40.2833,97.2,51.85,15,91,6.22,overcast clouds
504,Arawa,PG,-6.2132,155.5367,76.57,88,89,2.93,overcast clouds
505,Dudinka,RU,69.4058,86.1778,-25.33,100,100,3.02,overcast clouds
506,Yol,IN,32.1667,76.2,62.4,70,100,7.83,overcast clouds
507,Baykit,RU,61.67,96.37,5.95,99,100,1.97,overcast clouds
508,Ironton,US,38.5368,-82.6829,60.01,82,90,5.75,light rain
509,Kayerkan,RU,69.3497,87.7602,-23.76,99,53,2.93,broken clouds
510,Sao Joao Da Barra,BR,-21.6403,-41.0511,78.8,73,40,13.8,scattered clouds
511,Smidovich,RU,48.6,133.8167,34.66,90,27,2.37,scattered clouds
512,Pizarro,CO,4.9533,-77.366,82.35,70,100,6.38,overcast clouds
513,Ixtapa,MX,20.7,-105.2,82.4,54,1,8.05,clear sky
514,Moron,AR,-34.6534,-58.6198,80.01,50,0,9.22,clear sky
515,Boende,CD,-0.2167,20.8667,76.21,83,99,1.95,overcast clouds
516,Westport,US,41.1415,-73.3579,55.4,44,90,11.5,overcast clouds
517,Aras,ES,42.5617,-2.356,46.4,53,20,9.22,few clouds
518,Ossora,RU,59.2353,163.0719,10.44,86,4,6.67,clear sky
519,Boca Do Acre,BR,-8.7522,-67.3978,81.07,90,100,2.98,overcast clouds
520,Hambantota,LK,6.1241,81.1185,78.8,100,40,4.61,scattered clouds
521,Puerto Baquerizo Moreno,EC,-0.9,-89.6,84.2,79,40,4.61,light rain
522,Birobidzhan,RU,48.8,132.95,35.94,90,23,1.25,few clouds
523,Bend,US,44.0582,-121.3153,64.4,16,1,7.05,clear sky
524,Acari,PE,-15.4311,-74.6158,80.87,55,0,10.42,clear sky
525,Phangnga,TH,8.4509,98.5298,82.4,78,20,4.61,light rain
526,Naze,JP,28.3667,129.4833,59.85,54,65,18.43,broken clouds
527,Worland,US,44.0169,-107.9554,48.99,46,1,12.66,clear sky
528,Lovozero,RU,68.005,35.0117,32.13,98,100,5.26,overcast clouds
529,Raipur,IN,21.2333,81.6333,84.2,65,20,9.22,haze
530,Tashla,RU,51.7716,52.7427,56.1,65,6,7.45,clear sky
531,Bandarbeyla,SO,9.4942,50.8122,81.27,74,5,11.86,clear sky
532,Arlit,NE,18.7369,7.3853,92.66,4,100,9.37,overcast clouds
533,Auki,SB,-8.7676,160.7034,76.98,87,100,2.68,overcast clouds
534,Malente,DE,54.1712,10.5552,46.99,61,75,7.43,broken clouds
535,Zabaykalsk,RU,49.6333,117.3167,37.2,50,0,5.57,clear sky
536,Fort-Shevchenko,KZ,44.5086,50.263,57.96,49,50,2.89,scattered clouds
537,Carutapera,BR,-1.195,-46.02,83.01,73,77,8.21,moderate rain
538,Pacifica,US,37.6138,-122.4869,63,63,20,19.57,few clouds
539,Vestmannaeyjar,IS,63.4427,-20.2734,42.8,93,90,9.22,overcast clouds
540,Asmara,ER,15.3333,38.9333,58.71,63,100,8.66,overcast clouds
541,Hobyo,SO,5.3505,48.5268,83.62,67,9,16.33,clear sky
542,Komagane,JP,35.7296,137.9396,46,81,83,8.99,light rain
543,Copiapo,CL,-27.3667,-70.3333,66.2,63,0,12.66,clear sky
544,Zatoka,UA,46.0725,30.4654,44.6,93,100,4.47,overcast clouds
545,Piterka,RU,50.6803,47.4454,54.03,78,100,8.05,overcast clouds
546,Chambishi,ZM,-12.6325,28.0537,62.51,69,100,8.88,overcast clouds
547,Podyuga,RU,61.095,40.8647,38.86,79,9,4.59,clear sky
548,Port Said,EG,31.2565,32.2841,67.55,78,7,10.8,clear sky
549,Nishihara,JP,26.1842,127.7558,66.2,68,40,10.36,scattered clouds
550,Kemijarvi,FI,66.7131,27.4306,36.55,91,88,1.32,overcast clouds
551,Lengshuitan,CN,26.4111,111.5956,62.64,93,100,3.69,overcast clouds
552,Akhalgori,GE,42.126,44.4833,60.8,63,0,4.61,clear sky
553,Aksarka,RU,66.5606,67.7975,-11.85,99,53,4.61,broken clouds
554,Karpathos,GR,35.507,27.2132,66.2,77,100,18.41,overcast clouds
555,Okhotsk,RU,59.3833,143.3,23.45,95,100,8.59,overcast clouds
556,Ageyevo,RU,54.1588,36.4693,48.2,81,100,2.24,moderate rain
557,Inta,RU,66.0317,60.1659,12.15,86,19,11.74,few clouds
558,Klaksvik,FO,62.2266,-6.589,46.4,76,100,20.71,overcast clouds
559,Saint Anthony,US,45.0205,-93.218,59,30,40,5.75,scattered clouds
560,Sibolga,ID,1.7427,98.7792,75.49,86,89,2.68,overcast clouds
561,Shar,KZ,49.5886,81.0453,43.11,77,0,2.95,clear sky
562,Manjeshwar,IN,12.7194,74.8861,84.2,79,20,3.74,few clouds
563,Mae Hong Son,TH,19.3003,97.9685,70.39,96,13,1.21,few clouds
564,Sivaki,RU,52.6333,126.75,33.51,65,3,8.1,clear sky
565,Kushmurun,KZ,52.4503,64.6311,50.13,73,7,4.85,clear sky
566,San Rafael,AR,-34.6177,-68.3301,75.25,46,100,6.38,overcast clouds
567,San Juan,AR,-31.5375,-68.5364,84.2,34,3,8.63,clear sky
568,Bima,ID,-8.4667,118.7167,74.61,94,55,3.56,broken clouds
569,Araripina,BR,-7.5761,-40.4983,76.64,80,100,6.24,overcast clouds
570,Marystown,CA,47.1666,-55.1483,42.64,69,100,19.39,overcast clouds
571,Gdov,RU,58.7406,27.8122,45.45,65,34,11.52,scattered clouds
572,Midlothian,US,32.4824,-96.9945,60.01,58,40,11.5,scattered clouds
573,Hanyang,CN,32.1371,105.5126,54.59,96,100,2.48,overcast clouds
574,Harnosand,SE,62.6323,17.9379,41,70,16,3.44,few clouds
575,Dorchester,US,33.1002,-80.3831,75.2,33,1,5.41,clear sky
576,Baruun-Urt,MN,46.6806,113.2792,42.87,24,0,12.24,clear sky
577,Kargil,IN,34.5667,76.1,33.42,73,100,6.64,overcast clouds
578,Dongying,CN,37.4564,118.4856,49.84,21,0,7.27,clear sky
579,Tateyama,JP,34.9833,139.8667,62.01,73,100,7,overcast clouds
580,Eyl,SO,7.9803,49.8164,81.54,73,16,13.8,few clouds
581,Cervo,ES,43.6702,-7.4101,52,72,0,3,clear sky
582,Okoneshnikovo,RU,54.8377,75.0834,37.02,65,99,8.34,overcast clouds
583,Hervey Bay,AU,-25.2986,152.8535,64,85,6,3,clear sky
584,Karratha,AU,-20.7377,116.8463,80.83,54,0,6.24,clear sky
585,Ilebo,CD,-4.3167,20.5833,71.53,98,88,2.37,moderate rain
586,Tsalka,GE,41.5946,44.0891,47.23,87,57,4.12,broken clouds
587,Bocana De Paiwas,NI,12.7857,-85.1227,96.3,32,100,10.58,overcast clouds
588,Vanimo,PG,-2.6741,141.3028,76.1,88,100,4.92,moderate rain
589,Galesburg,US,40.9478,-90.3712,57.2,44,90,11.5,overcast clouds
590,Cleethorpes,GB,53.5605,-0.0323,46,65,100,9.22,overcast clouds
591,Diffa,NE,13.3154,12.6113,90.73,6,28,6.91,scattered clouds
592,Bull Savanna,JM,17.8868,-77.5902,84.34,61,0,18.7,clear sky
593,Nambucca Heads,AU,-30.65,153,59,77,75,12.66,broken clouds
594,Batemans Bay,AU,-35.7167,150.1833,53.01,87,12,1.99,few clouds
595,Saint-Paul,RE,-21.0096,55.2707,75.2,88,90,5.75,light rain
596,Tucuman,AR,-26.8241,-65.2226,78.8,69,75,4.61,broken clouds
597,Sarahan,IN,31.5167,77.8,45.01,80,100,5.44,overcast clouds
598,Starotitarovskaya,RU,45.2136,37.1439,48.2,76,62,2.24,broken clouds
599,Ormara,PK,25.2088,64.6357,80.29,79,21,8.61,few clouds
600,Rio Branco,BR,-9.9747,-67.81,87.8,66,75,6.91,broken clouds
601,Tefe,BR,-3.3542,-64.7114,87.8,70,40,6.91,scattered clouds
602,Kathu,TH,7.9178,98.3332,87.01,78,20,4.61,few clouds
603,Maragogi,BR,-9.0122,-35.2225,79.83,80,33,6.71,scattered clouds
604,Batagay-Alyta,RU,67.8006,130.4114,10.15,92,100,5.21,overcast clouds
605,Robertsport,LR,6.7533,-11.3686,80.28,77,100,2.24,overcast clouds
606,Anadyr,RU,64.75,177.4833,32,100,75,24.61,"light snow', 'mist"
607,Sambava,MG,-14.2667,50.1667,78.04,83,100,1.25,light rain
608,Pytalovo,RU,57.0679,27.9138,50.14,74,83,8.75,broken clouds
609,Adrar,MR,20.5022,-10.0711,81.82,17,0,9.46,clear sky
610,Grass Valley,US,39.2191,-121.0611,72,13,1,12.66,clear sky
611,Bambous Virieux,MU,-20.3428,57.7575,78.01,94,75,5.17,broken clouds
612,Uzhur,RU,55.3036,89.8339,22.35,80,77,5.14,broken clouds
613,Pula,HR,44.8683,13.8481,48.2,57,20,4.61,few clouds
614,Puro,PH,12.4841,123.3827,80.04,75,100,18.66,overcast clouds
615,Chokwe,MZ,-24.5333,32.9833,62.35,69,8,4.36,clear sky
616,Buluang,PH,13.3068,123.3425,76.39,85,100,9.89,overcast clouds
617,Teya,RU,60.3778,92.6267,17.73,89,100,8.14,overcast clouds
618,Otradnoye,RU,59.7775,30.8181,50,29,0,11.18,clear sky
619,San Roque,ES,36.2107,-5.3842,68,64,20,8.05,few clouds
620,Araouane,ML,18.9048,-3.5265,90.18,13,94,6.38,overcast clouds
621,Yichang,CN,30.7144,111.2847,60.64,58,100,0.65,moderate rain
622,Derzhavinsk,KZ,51.1,66.3167,49.33,78,11,6.93,few clouds
623,Temiscaming,CA,46.7212,-79.0971,51.8,54,99,4.61,overcast clouds
624,Marrakesh,MA,31.6315,-8.0083,77,31,20,4.61,few clouds
625,Cecava,BA,44.6867,17.7706,46.4,66,40,4.61,scattered clouds
626,Naron,ES,43.5167,-8.1528,59,55,0,4.61,clear sky
627,Hokitika,NZ,-42.7167,170.9667,51.49,81,100,1.34,overcast clouds
628,Kirakira,SB,-10.4544,161.9205,80.04,78,85,6.76,overcast clouds
629,Darhan,MN,49.4867,105.9228,48.83,33,100,6.02,overcast clouds
630,Acajutla,SV,13.5928,-89.8275,91.4,46,40,7.9,scattered clouds
631,Shelbyville,US,35.4834,-86.4603,63,51,75,9.22,broken clouds
632,Kununurra,AU,-15.7667,128.7333,75.2,50,28,6.91,scattered clouds
633,Issoire,FR,45.55,3.25,50,46,75,11.5,broken clouds
634,Padre Bernardo,BR,-15.35,-48.5,84.7,40,46,2.1,scattered clouds
635,Arman,RU,59.7,150.1667,20.71,94,100,5.75,overcast clouds
636,Katherine,AU,-14.4667,132.2667,66.2,59,76,9.22,broken clouds
637,Charagua,BO,-19.8,-63.2167,76.06,77,51,2.35,broken clouds
638,Saint-Felicien,CA,48.6501,-72.4491,46.4,53,75,9.22,broken clouds
639,Tiznit,MA,29.5833,-9.5,63.72,64,0,5.57,clear sky
640,Jumla,NP,29.2747,82.1838,42.22,90,82,5.39,broken clouds
641,Nchelenge,ZM,-9.3451,28.734,69.03,84,20,6.4,light rain
642,Joensuu,FI,62.6012,29.7632,37.99,64,0,3.44,clear sky
643,Mantua,IT,45.1667,10.7833,51.01,50,0,3.44,clear sky
644,Great Falls,US,47.5002,-111.3008,61,21,1,5.75,clear sky
645,Coari,BR,-4.085,-63.1414,75.99,96,100,1.74,overcast clouds
646,Buchanan,LR,5.8808,-10.0467,80.6,83,75,4.61,moderate rain
647,Henties Bay,NA,-22.116,14.2845,78.01,48,98,1.99,overcast clouds
648,Pangody,RU,65.85,74.4859,-11.9,100,63,6.78,broken clouds
649,Maumere,ID,-8.6199,122.2111,79.12,78,59,6.53,broken clouds
650,Clyde River,CA,70.4692,-68.5914,10.4,85,1,10.36,clear sky
651,Rock Sound,BS,24.9,-76.2,77.41,73,2,12.24,clear sky
652,Portobelo,PA,9.55,-79.65,81,85,100,23,overcast clouds
653,Hirara,JP,24.8,125.2833,69.64,62,1,28.3,clear sky
654,Vilcun,CL,-38.65,-72.2333,69.8,40,0,3.44,clear sky
655,Reconquista,AR,-29.15,-59.65,82.4,53,71,6.85,broken clouds
656,Srivardhan,IN,18.0333,73.0167,81.19,73,0,8.46,clear sky
657,Manica,FR,49,-1.1667,46.4,53,0,6.91,clear sky
658,Paita,PE,-5.0892,-81.1144,84.2,51,0,14.97,clear sky
659,Ajaccio,FR,42,8.9167,50,100,90,4.61,overcast clouds
660,Houma,US,29.5958,-90.7195,63,100,90,9.22,light rain
661,Wencheng,CN,33.0559,113.7978,49.01,54,37,5.01,scattered clouds
662,Nhulunbuy,AU,-12.2333,136.7667,80.6,74,98,10.36,overcast clouds
663,Zyryanka,RU,65.75,150.85,26.38,71,100,20.92,overcast clouds
664,Pecos,US,31.4229,-103.4932,55.4,38,40,10.36,scattered clouds
665,Necochea,AR,-38.5473,-58.7368,78.01,65,93,5.01,overcast clouds
666,Orangeburg,US,33.4918,-80.8557,75.2,33,1,10.36,clear sky
667,Boddam,GB,57.4667,-1.7833,45,81,11,11.5,few clouds
668,Gao,ML,16.6362,1.637,90.79,9,87,4.09,overcast clouds
669,Kaitangata,NZ,-46.2817,169.8464,48.99,75,100,1.01,overcast clouds
670,Smithers,CA,54.7804,-127.1743,51.8,50,20,1.63,few clouds
671,Fredericton,CA,45.9454,-66.6656,39.2,87,90,17.27,overcast clouds
672,Presidencia Roque Saenz Pena,AR,-26.7852,-60.4388,84.99,55,90,3,overcast clouds
673,Blantyre,MW,-15.785,35.0085,59.5,96,100,9.6,light rain
674,Haines Junction,CA,60.7522,-137.5108,50,32,12,5.75,few clouds
675,Orzhytsya,UA,49.7918,32.7012,42.91,88,100,3.44,overcast clouds
676,Canutama,BR,-6.5339,-64.3831,84.96,71,100,3.06,overcast clouds
677,Kodinsk,RU,58.6881,99.1844,11.28,93,100,2.68,overcast clouds
678,Kungurtug,RU,50.5994,97.5228,33.82,84,100,4.07,overcast clouds
679,Semey,KZ,50.4111,80.2275,42.19,71,0,4.41,clear sky
680,Lazarev,RU,52.225,141.5131,32.67,98,100,8.39,overcast clouds
681,Skovorodino,RU,53.9833,123.9167,26.24,95,100,3.24,overcast clouds
682,Yining,CN,29.0361,114.5636,59.65,76,100,3.33,overcast clouds
683,Woodward,US,36.4337,-99.3904,50,57,90,12.66,overcast clouds
684,Tazovskiy,RU,67.4667,78.7,-16.08,100,100,5.64,overcast clouds
685,Muriwai Beach,NZ,-36.8167,174.45,52,92,69,10.63,broken clouds
686,Puri,IN,19.8,85.85,80.6,89,20,5.75,haze
687,Khislavichi,RU,54.1871,32.1582,50.23,86,99,14.27,overcast clouds
688,Santa Rosa,PH,14.3122,121.1114,82.4,74,75,3.44,broken clouds
689,Rauma,FI,61.1272,21.5113,53.6,28,0,4.61,clear sky
690,Qandala,SO,11.472,49.8728,82.83,63,0,7.54,clear sky
691,Tayu,ID,-6.5397,111.0518,77.7,83,100,2.53,overcast clouds
692,Mount Isa,AU,-20.7333,139.5,68,30,0,13.8,clear sky
693,Takhatpur,IN,22.15,81.8667,81.7,23,1,4.56,clear sky
694,Williams Lake,CA,52.1415,-122.1445,68,36,1,3.44,clear sky
695,Bataipora,BR,-22.2953,-53.2711,84.85,45,58,3.65,broken clouds
696,Providencia,MX,28.7167,-111.5833,84,21,0,8.99,clear sky
